Thumbnail,Media Number,Filename,Original Filename,Customer,Credit,Description,Fee,Currency,Your Share (%),Your Share,Agency,Media Link,Slug?
<a href='https://www.nurphoto.com/photo/3465090' target='_blank'><img src='https://www.nurphoto.com/photo/3465090/picture/photo' width='100'/></a>,3465090,slabbers-99thannu181122_np34r,_BS18261.JPG,JDD.FR,NurPhoto,"Disney's Mini and Mickey Mouse ride on a Walt Disney World carriage during the 99th 6ABC/Dunkin' Donuts Annual Thanksgiving Day parade, in Philadelphia, PA, on November 22, 2018. The annual parade on Benjamin Franklin Parkway is the oldest in the nation. (Photo by Bastiaan Slabbers/NurPhoto)",0.0,EUR,50.0,0.0,NurPhoto,https://www.nurphoto.com/photo/3465090,False
<a href='https://www.nurphoto.com/photo/3006310' target='_blank'><img src='https://www.nurphoto.com/photo/3006310/picture/photo' width='100'/></a>,3006310,slabbers-abolishi180804_nppAg,_BS30062.jpg,The Fact Lab S.A.P.I.,NurPhoto,"Protestors march on Independence Mall during an Abolish ICE protest to demand the halt of deportations and an end to family detentions, during a march and rally in Center City Philadelphia, PA, on August 4, 2018. After Mayor Jim Kenneys announcement to end the PARS contract protestors demand a guarantee for no further collaboration with Department of Homeland Securitys U.S. Immigration and Customs Enforcement (ICE), in Philadelphia.   (Photo by Bastiaan Slabbers/NurPhoto)",0.0,EUR,50.0,0.0,NurPhoto,https://www.nurphoto.com/photo/3006310,False
<a href='https://www.nurphoto.com/photo/3769348' target='_blank'><img src='https://www.nurphoto.com/photo/3769348/picture/photo' width='100'/></a>,3769348,slabbers-aftermat190207_npcKQ,2019 02 07_01__BS11464 - Bensalem I95 Woodhaven Road Off Ramp  - Public Water PFAs Pollution  =E2=80=94 BS1541.JPG,Haymarket Media Group LtdBu,NurPhoto,"Firefighter foam remains on the surface after firefighters placed a Class B fire under control at an off ramp of the Interstate I-95, in Bensalem Township, Pennsylvania, on February 7, 2019. Aqueous film forming foams (AFFF) used in fighting fires of flammable liquids or flammable gases, oils, solvents and alcohols can containsodiumalkyl sulfate, fluorotelomers, perfluorooctanoicacid(PFOA) or perfluorooctanesulfonicacid(PFOS).
The United States Environmental Protection Agency (EPA) is expected to release updates on tests of per- and polyfuoroalkyl substances or PFAs pollution in public water supplies for 16 million Americans in 33 states, including Pennsylvania. The federal report is delayed due to January 2019 shutdown. Reps. Brian Fitzpatrick, Republican of Bucks County in Eastern Pennsylvania and Democrat Dan Kildee, of Michigan cochair a bipartisan task force in the House of Representatives, formed to take on the growingPFAS ContaminationCrisis. The usage of foam at nearby former military bases is linked to tainted drinking water, affecting tens of thousands of residents in Bucks and Montgomery Counties in Eastern Pennsylvania. (Photo by Bastiaan Slabbers/NurPhoto)",0.0,EUR,50.0,0.0,NurPhoto,https://www.nurphoto.com/photo/3769348,False
<a href='https://www.nurphoto.com/photo/1772656' target='_blank'><img src='https://www.nurphoto.com/photo/1772656/picture/photo' width='100'/></a>,1772656,slabbers-antiacar170225_np5Ss,BS1249_ACA_Rally_BS1249_001__BAS7098.jpg,NBC News,NurPhoto,"Health Care professionals, including Doctors, Physicians and Registered Nurses, as well as several elected officials are amongst hundreds gathered to protest the Affordable Care Act repeal by the Trump-Administration, at a Feb. 25th, 2017 rally in Center City Philadelphia, PA. (Photo by Bastiaan Slabbers/NurPhoto)",0.0,EUR,50.0,0.0,NurPhoto,https://www.nurphoto.com/photo/1772656,False
<a href='https://www.nurphoto.com/photo/2619792' target='_blank'><img src='https://www.nurphoto.com/photo/2619792/picture/photo' width='100'/></a>,2619792,slabbers-antiraci180415_np7cs,_BAS3851.jpg,EXPANSION,NurPhoto,"Asa Khalif, with Black Lives Matter Philadelphia Chapter, uses the bullhorn to reach customers inside as protesters gather outside the Starbucks on 18th and Spruce to protest the controversial arrest of two black men at that location. (Photo by Bastiaan Slabbers/NurPhoto)",0.0,EUR,50.0,0.0,NurPhoto,https://www.nurphoto.com/photo/2619792,False
<a href='https://www.nurphoto.com/photo/1876189' target='_blank'><img src='https://www.nurphoto.com/photo/1876189/picture/photo' width='100'/></a>,1876189,slabbers-antitran170401_nprrC,_BAS1337.JPG,RTBF - Radio Television Belge,NurPhoto,"Amber Hikes, Director of city=E2=80=99s Office of LGTBQ Affairs speaks as the LGTBQ community hold a rally at City Hall in anticipation of a planned tour stop of a anti-transgender rights bus, in Philadelphia, PA, on April 1, 2017. (Photo by Bastiaan Slabbers/NurPhoto)",0.0,EUR,50.0,0.0,NurPhoto,https://www.nurphoto.com/photo/1876189,False
<a href='https://www.nurphoto.com/photo/1899636' target='_blank'><img src='https://www.nurphoto.com/photo/1899636/picture/photo' width='100'/></a>,1899636,slabbers-antitrum170415_npO1C,_BAS2826.JPG,Fadaat Media Ltd,NurPhoto,"Protestors gather in Center City Philadelphia, PA, ahead of the April 15 Tax Day March. Around the nation thousands are expected to participate in similar protests against the Trump-administration. (Photo by Bastiaan Slabbers/NurPhoto)",0.0,EUR,50.0,0.0,NurPhoto,https://www.nurphoto.com/photo/1899636,False
<a href='https://www.nurphoto.com/photo/2903884' target='_blank'><img src='https://www.nurphoto.com/photo/2903884/picture/photo' width='100'/></a>,2903884,slabbers-arrestsa180703_npLTJ,_BS11383.jpg,New York Post Online,NurPhoto,"Law enforcement officers of the Philadelphia Police Department, Homeland Security and National Park Service stands by as protestors build a small encampment outside a Department of Homeland Security U.S. Immigrations and Custom Enforcement (ICE) office in Center City Philadelphia, PA, on July 3, 2018. (Photo by Bastiaan Slabbers/NurPhoto)",0.0,EUR,50.0,0.0,NurPhoto,https://www.nurphoto.com/photo/2903884,False
<a href='https://www.nurphoto.com/photo/2903884' target='_blank'><img src='https://www.nurphoto.com/photo/2903884/picture/photo' width='100'/></a>,2903884,slabbers-arrestsa180703_npLTJ,_BS11383.jpg,ViacomCBS ED,NurPhoto,"Law enforcement officers of the Philadelphia Police Department, Homeland Security and National Park Service stands by as protestors build a small encampment outside a Department of Homeland Security U.S. Immigrations and Custom Enforcement (ICE) office in Center City Philadelphia, PA, on July 3, 2018. (Photo by Bastiaan Slabbers/NurPhoto)",0.0,EUR,50.0,0.0,NurPhoto,https://www.nurphoto.com/photo/2903884,False
<a href='https://www.nurphoto.com/photo/2903884' target='_blank'><img src='https://www.nurphoto.com/photo/2903884/picture/photo' width='100'/></a>,2903884,slabbers-arrestsa180703_npLTJ,_BS11383.jpg,ViacomCBS ED,NurPhoto,"Law enforcement officers of the Philadelphia Police Department, Homeland Security and National Park Service stands by as protestors build a small encampment outside a Department of Homeland Security U.S. Immigrations and Custom Enforcement (ICE) office in Center City Philadelphia, PA, on July 3, 2018. (Photo by Bastiaan Slabbers/NurPhoto)",0.0,EUR,50.0,0.0,NurPhoto,https://www.nurphoto.com/photo/2903884,False
<a href='https://www.nurphoto.com/photo/2903884' target='_blank'><img src='https://www.nurphoto.com/photo/2903884/picture/photo' width='100'/></a>,2903884,slabbers-arrestsa180703_npLTJ,_BS11383.jpg,ViacomCBS ED,NurPhoto,"Law enforcement officers of the Philadelphia Police Department, Homeland Security and National Park Service stands by as protestors build a small encampment outside a Department of Homeland Security U.S. Immigrations and Custom Enforcement (ICE) office in Center City Philadelphia, PA, on July 3, 2018. (Photo by Bastiaan Slabbers/NurPhoto)",0.0,EUR,50.0,0.0,NurPhoto,https://www.nurphoto.com/photo/2903884,False
<a href='https://www.nurphoto.com/photo/2903884' target='_blank'><img src='https://www.nurphoto.com/photo/2903884/picture/photo' width='100'/></a>,2903884,slabbers-arrestsa180703_npLTJ,_BS11383.jpg,ViacomCBS ED,NurPhoto,"Law enforcement officers of the Philadelphia Police Department, Homeland Security and National Park Service stands by as protestors build a small encampment outside a Department of Homeland Security U.S. Immigrations and Custom Enforcement (ICE) office in Center City Philadelphia, PA, on July 3, 2018. (Photo by Bastiaan Slabbers/NurPhoto)",0.0,EUR,50.0,0.0,NurPhoto,https://www.nurphoto.com/photo/2903884,False
<a href='https://www.nurphoto.com/photo/2903884' target='_blank'><img src='https://www.nurphoto.com/photo/2903884/picture/photo' width='100'/></a>,2903884,slabbers-arrestsa180703_npLTJ,_BS11383.jpg,ViacomCBS ED,NurPhoto,"Law enforcement officers of the Philadelphia Police Department, Homeland Security and National Park Service stands by as protestors build a small encampment outside a Department of Homeland Security U.S. Immigrations and Custom Enforcement (ICE) office in Center City Philadelphia, PA, on July 3, 2018. (Photo by Bastiaan Slabbers/NurPhoto)",0.0,EUR,50.0,0.0,NurPhoto,https://www.nurphoto.com/photo/2903884,False
<a href='https://www.nurphoto.com/photo/2903884' target='_blank'><img src='https://www.nurphoto.com/photo/2903884/picture/photo' width='100'/></a>,2903884,slabbers-arrestsa180703_npLTJ,_BS11383.jpg,BuzzFeed Media Enterprises,NurPhoto,"Law enforcement officers of the Philadelphia Police Department, Homeland Security and National Park Service stands by as protestors build a small encampment outside a Department of Homeland Security U.S. Immigrations and Custom Enforcement (ICE) office in Center City Philadelphia, PA, on July 3, 2018. (Photo by Bastiaan Slabbers/NurPhoto)",0.0,EUR,50.0,0.0,NurPhoto,https://www.nurphoto.com/photo/2903884,False
<a href='https://www.nurphoto.com/photo/2903884' target='_blank'><img src='https://www.nurphoto.com/photo/2903884/picture/photo' width='100'/></a>,2903884,slabbers-arrestsa180703_npLTJ,_BS11383.jpg,Fox News Channel,NurPhoto,"Law enforcement officers of the Philadelphia Police Department, Homeland Security and National Park Service stands by as protestors build a small encampment outside a Department of Homeland Security U.S. Immigrations and Custom Enforcement (ICE) office in Center City Philadelphia, PA, on July 3, 2018. (Photo by Bastiaan Slabbers/NurPhoto)",0.0,EUR,50.0,0.0,NurPhoto,https://www.nurphoto.com/photo/2903884,False
<a href='https://www.nurphoto.com/photo/2903884' target='_blank'><img src='https://www.nurphoto.com/photo/2903884/picture/photo' width='100'/></a>,2903884,slabbers-arrestsa180703_npLTJ,_BS11383.jpg,Blaze Media LLC,NurPhoto,"Law enforcement officers of the Philadelphia Police Department, Homeland Security and National Park Service stands by as protestors build a small encampment outside a Department of Homeland Security U.S. Immigrations and Custom Enforcement (ICE) office in Center City Philadelphia, PA, on July 3, 2018. (Photo by Bastiaan Slabbers/NurPhoto)",0.0,EUR,50.0,0.0,NurPhoto,https://www.nurphoto.com/photo/2903884,False
<a href='https://www.nurphoto.com/photo/2904130' target='_blank'><img src='https://www.nurphoto.com/photo/2904130/picture/photo' width='100'/></a>,2904130,slabbers-arrestsa180703_npuAs,_BS11576.jpg,Blaze Media LLC,NurPhoto,"Police clears protestors from blocking the loading dock of a Department of Homeland Security U.S. Immigrations and Custom Enforcement (ICE) office in Center City Philadelphia, PA, on July 3, 2018. (Photo by Bastiaan Slabbers/NurPhoto)",0.0,EUR,50.0,0.0,NurPhoto,https://www.nurphoto.com/photo/2904130,False
<a href='https://www.nurphoto.com/photo/3912458' target='_blank'><img src='https://www.nurphoto.com/photo/3912458/picture/photo' width='100'/></a>,3912458,slabbers-berniesa190302_npfAv,_BS13455.JPG,Blaze Media LLC,NurPhoto,"Activist and journalist Shaun King takes the stage to stump for Sen. Bernie Sanders (I-VT) during the 2020 campaign kick-off at Brooklyn College in Brooklyn, NY on March 2, 2019. (Photo by Bastiaan Slabbers/NurPhoto)",0.0,EUR,50.0,0.0,NurPhoto,https://www.nurphoto.com/photo/3912458,False
<a href='https://www.nurphoto.com/photo/4435124' target='_blank'><img src='https://www.nurphoto.com/photo/4435124/picture/photo' width='100'/></a>,4435124,slabbers-bidenfam190530_npD1k,US-BIDEN-MEMORIAL_041.JPG,NBC News,NurPhoto,"Former Vice President Joe Biden, with Dr. Jill Biden and granddaughter Natalie Biden attend the Delaware Memorial Day Ceremony, in New Castle, DE on May 30, 2019. (Photo by Bastiaan Slabbers/NurPhoto)",0.0,EUR,50.0,0.0,NurPhoto,https://www.nurphoto.com/photo/4435124,False
<a href='https://www.nurphoto.com/photo/3208100' target='_blank'><img src='https://www.nurphoto.com/photo/3208100/picture/photo' width='100'/></a>,3208100,slabbers-billcosb180925_npNJc,_BS10760.jpg,Interactive One LLC,NurPhoto,"US Entertainer Bill Cosby arrives for a scenting hearing in Norristown, PA, on September 25, 2018. Cosby appears before Judge Steven O'Neil after a jury found the 81 year old entertainer guilty of three counts of aggravated indecent assault in a April 2018 retrial. (Photo by Bastiaan Slabbers/NurPhoto)",0.0,EUR,50.0,0.0,NurPhoto,https://www.nurphoto.com/photo/3208100,False
<a href='https://www.nurphoto.com/photo/1931528' target='_blank'><img src='https://www.nurphoto.com/photo/1931528/picture/photo' width='100'/></a>,1931528,slabbers-controve170429_npNCs,20170429_Trump_100Days_Rally_BS1276B_01__BAS5373.jpg,Reach Publishing,NurPhoto,"President Donald Trump pauses during his speech as a protester is being removed from the crow of an estimated seven  thousand at a April 29, 2017 ""Make America Great Again"" rally in Harrisburg, PA. The Make America Great Again event is to celebrate the presidents first 100 days in office and to campaign for the 2020 US Presidential Elections.
 (Photo by Bastiaan Slabbers/NurPhoto)",0.0,EUR,50.0,0.0,NurPhoto,https://www.nurphoto.com/photo/1931528,False
<a href='https://www.nurphoto.com/photo/1952104' target='_blank'><img src='https://www.nurphoto.com/photo/1952104/picture/photo' width='100'/></a>,1952104,slabbers-dadvailr170512_npLZV,20170512_Dad_Vail_Regatta_BS1282_27__DSC1995.JPG,"Audacy, Inc.",NurPhoto,"Rowers react after finishing as members of U.S. and Canadian collegiate rowing teams compete in the Olympic length of 2000 meters of the DAD Vail Regatta, on the Schuylkill River, in Philadelphia, PA, on May 12, 2017. With over a hundred competing teams the three-day long Dad Vail Regatta is the  largest regular intercollegiate rowing event in the United States. (Photo by Bastiaan Slabbers/NurPhoto)",0.0,EUR,50.0,0.0,NurPhoto,https://www.nurphoto.com/photo/1952104,False
<a href='https://www.nurphoto.com/photo/2553332' target='_blank'><img src='https://www.nurphoto.com/photo/2553332/picture/photo' width='100'/></a>,2553332,slabbers-dailylif180312_npqMz,_BAS1320.jpg,ESPN PA agreement,NurPhoto,"Center City street scene in Philadelphia, PA, on March 12, 2018. (Photo by Bastiaan Slabbers/NurPhoto)",0.0,EUR,50.0,0.0,NurPhoto,https://www.nurphoto.com/photo/2553332,False
<a href='https://www.nurphoto.com/photo/2553332' target='_blank'><img src='https://www.nurphoto.com/photo/2553332/picture/photo' width='100'/></a>,2553332,slabbers-dailylif180312_npqMz,_BAS1320.jpg,Fox Television Stations LLC,NurPhoto,"Center City street scene in Philadelphia, PA, on March 12, 2018. (Photo by Bastiaan Slabbers/NurPhoto)",0.0,EUR,50.0,0.0,NurPhoto,https://www.nurphoto.com/photo/2553332,False
<a href='https://www.nurphoto.com/photo/5031716' target='_blank'><img src='https://www.nurphoto.com/photo/5031716/picture/photo' width='100'/></a>,5031716,slabbers-dailylif191023_npaRu,US-CITIES-PHILADELPHIA_31.JPG,Fox Television Stations LLC,NurPhoto,"View on the Center City skyline as seen from the South Street Bridge, in Philadelphia, PA, on October 23, 2019. (Photo by Bastiaan Slabbers/NurPhoto)",0.0,EUR,50.0,0.0,NurPhoto,https://www.nurphoto.com/photo/5031716,False
<a href='https://www.nurphoto.com/photo/5031716' target='_blank'><img src='https://www.nurphoto.com/photo/5031716/picture/photo' width='100'/></a>,5031716,slabbers-dailylif191023_npaRu,US-CITIES-PHILADELPHIA_31.JPG,Fox Television Stations LLC,NurPhoto,"View on the Center City skyline as seen from the South Street Bridge, in Philadelphia, PA, on October 23, 2019. (Photo by Bastiaan Slabbers/NurPhoto)",0.0,EUR,50.0,0.0,NurPhoto,https://www.nurphoto.com/photo/5031716,False
<a href='https://www.nurphoto.com/photo/4003134' target='_blank'><img src='https://www.nurphoto.com/photo/4003134/picture/photo' width='100'/></a>,4003134,slabbers-debidend190316_npz42,_BS14526.jpg,BBC News & Sport,NurPhoto,"A supporter holds up a Biden for President butter from 1988 as guest arrive ahead of the First State Democratic Dinner, featuring Joe Biden, at the Rollins Center in Dover, DE on March 16, 2019. While still announced, early polls conducted in March indicate former Vice President Biden as the favorite of a large Democratic field of candidates.  (Photo by Bastiaan Slabbers/NurPhoto)",0.0,EUR,50.0,0.0,NurPhoto,https://www.nurphoto.com/photo/4003134,False
<a href='https://www.nurphoto.com/photo/4015626' target='_blank'><img src='https://www.nurphoto.com/photo/4015626/picture/photo' width='100'/></a>,4015626,slabbers-deformer190316_npiwx,_BS14706_.JPG,CONDE NAST DIGITAL PA,NurPhoto,"Joe Biden delivers the keynote speech at the First State Democratic Dinner at the Rollins Center in Dover, DE on March 16, 2019. The former U.S. Vice President refrained from announcing his candidacy, even-though early polls conducted in March indicate former Vice President Biden as the favorite of a large Democratic field of candidates. (Photo by Bastiaan Slabbers/NurPhoto)",0.0,EUR,50.0,0.0,NurPhoto,https://www.nurphoto.com/photo/4015626,False
<a href='https://www.nurphoto.com/photo/1880203' target='_blank'><img src='https://www.nurphoto.com/photo/1880203/picture/photo' width='100'/></a>,1880203,slabbers-earlyspr170403_npOkQ,20170403_Spring_Zoo_Trip_BS1267_01__BAS1537.jpg,INDEX.HU ZRT.,NurPhoto,"School children play at the large sing near the entrance of the Philadelphia Zoo, in Philadelphia, PA, on April 3, 2017. The popular tourist destination, located just outside Center City Philadelphia, is America's first zoo. (Photo by Bastiaan Slabbers/NurPhoto)",0.0,EUR,50.0,0.0,NurPhoto,https://www.nurphoto.com/photo/1880203,False
<a href='https://www.nurphoto.com/photo/1880203' target='_blank'><img src='https://www.nurphoto.com/photo/1880203/picture/photo' width='100'/></a>,1880203,slabbers-earlyspr170403_npOkQ,20170403_Spring_Zoo_Trip_BS1267_01__BAS1537.jpg,Reach Publishing,NurPhoto,"School children play at the large sing near the entrance of the Philadelphia Zoo, in Philadelphia, PA, on April 3, 2017. The popular tourist destination, located just outside Center City Philadelphia, is America's first zoo. (Photo by Bastiaan Slabbers/NurPhoto)",0.0,EUR,50.0,0.0,NurPhoto,https://www.nurphoto.com/photo/1880203,False
<a href='https://www.nurphoto.com/photo/5612748' target='_blank'><img src='https://www.nurphoto.com/photo/5612748/picture/photo' width='100'/></a>,5612748,slabbers-ecommerc200123_npDba,US-ECONOMY-PHILADELPHIA-012.JPG,Nexstar Broadcasting Inc.,NurPhoto,"Crate of locally sourced potatoes at the warehouse of Philly Foodworks, in North Philadelphia, PA, on January 23, 2020.  (Photo by Bastiaan Slabbers/NurPhoto)",0.0,EUR,50.0,0.0,NurPhoto,https://www.nurphoto.com/photo/5612748,False
<a href='https://www.nurphoto.com/photo/3763830' target='_blank'><img src='https://www.nurphoto.com/photo/3763830/picture/photo' width='100'/></a>,3763830,slabbers-epaexpec190206_npNcG,2019 02 06_16__BS11205 - Warminster former Naval Air Warfare Center Warminster - Public Water PFAs Pollution  =E2=80=94 BS1540.JPG,LADbible,NurPhoto,"Disregarded water bottle found at Warminster community park, located at the former Naval Air Warfare Center Warminster, in Bucks County, Pennsylvania, USA  on February 6, 2019. The United States Environmental Protection Agency (EPA) is expected to release updates on tests of per- and polyfuoroalkyl substances or PFAs pollution in public water supplies for 16 million Americans in 33 states, including Pennsylvania. The federal report is delayed due to January 2019 shutdown. Reps. Brian Fitzpatrick, Republican of Bucks County in Eastern Pennsylvania and Democrat Dan Kildee, of Michigan cochair a bipartisan task force in the House of Representatives, formed to take on the growingPFAS ContaminationCrisis. The usage of foam at nearby former military bases is linked to tainted drinking water, affecting tens of thousands of residents in Bucks and Montgomery Counties in Eastern Pennsylvania. (Photo by Bastiaan Slabbers/NurPhoto)",0.0,EUR,50.0,0.0,NurPhoto,https://www.nurphoto.com/photo/3763830,False
<a href='https://www.nurphoto.com/photo/3763776' target='_blank'><img src='https://www.nurphoto.com/photo/3763776/picture/photo' width='100'/></a>,3763776,slabbers-epaexpec190206_npqWC,2019 02 06_01__BS11185 - Willow Grove former Naval Air Station Joint Reserve Base Willow Grove - Public Water PFAs Pollution  =E2=80=94 BS1540.JPG,"Recurrent Ventures, Inc.",NurPhoto,"Water tower near the former Naval Air Station Joint Reserve Base Willow Grove, Montgomery County, Pennsylvania, USA on February 6, 2019. The United States Environmental Protection Agency (EPA) is expected to release updates on tests of per- and polyfuoroalkyl substances or PFAs pollution in public water supplies for 16 million Americans in 33 states, including Pennsylvania. The federal report is delayed due to January 2019 shutdown. Reps. Brian Fitzpatrick, Republican of Bucks County in Eastern Pennsylvania and Democrat Dan Kildee, of Michigan cochair a bipartisan task force in the House of Representatives, formed to take on the growingPFAS ContaminationCrisis. The usage of foam at nearby former military bases is linked to tainted drinking water, affecting tens of thousands of residents in Bucks and Montgomery Counties in Eastern Pennsylvania. (Photo by Bastiaan Slabbers/NurPhoto)",0.0,EUR,50.0,0.0,NurPhoto,https://www.nurphoto.com/photo/3763776,False
<a href='https://www.nurphoto.com/photo/3763776' target='_blank'><img src='https://www.nurphoto.com/photo/3763776/picture/photo' width='100'/></a>,3763776,slabbers-epaexpec190206_npqWC,2019 02 06_01__BS11185 - Willow Grove former Naval Air Station Joint Reserve Base Willow Grove - Public Water PFAs Pollution  =E2=80=94 BS1540.JPG,"Recurrent Ventures, Inc.",NurPhoto,"Water tower near the former Naval Air Station Joint Reserve Base Willow Grove, Montgomery County, Pennsylvania, USA on February 6, 2019. The United States Environmental Protection Agency (EPA) is expected to release updates on tests of per- and polyfuoroalkyl substances or PFAs pollution in public water supplies for 16 million Americans in 33 states, including Pennsylvania. The federal report is delayed due to January 2019 shutdown. Reps. Brian Fitzpatrick, Republican of Bucks County in Eastern Pennsylvania and Democrat Dan Kildee, of Michigan cochair a bipartisan task force in the House of Representatives, formed to take on the growingPFAS ContaminationCrisis. The usage of foam at nearby former military bases is linked to tainted drinking water, affecting tens of thousands of residents in Bucks and Montgomery Counties in Eastern Pennsylvania. (Photo by Bastiaan Slabbers/NurPhoto)",0.0,EUR,50.0,0.0,NurPhoto,https://www.nurphoto.com/photo/3763776,False
<a href='https://www.nurphoto.com/photo/3763802' target='_blank'><img src='https://www.nurphoto.com/photo/3763802/picture/photo' width='100'/></a>,3763802,slabbers-epaexpec190206_npTwj,2019 02 06_06__BS11252 - Warminster former Naval Air Warfare Center Warminster - Public Water PFAs Pollution  =E2=80=94 BS1540.JPG,Yahoo Inc.,NurPhoto,"Dog-walker at Warminster community park, located at the former Naval Air Warfare Center Warminster, in Bucks County, Pennsylvania, USA  on February 6, 2019. The United States Environmental Protection Agency (EPA) is expected to release updates on tests of per- and polyfuoroalkyl substances or PFAs pollution in public water supplies for 16 million Americans in 33 states, including Pennsylvania. The federal report is delayed due to January 2019 shutdown. Reps. Brian Fitzpatrick, Republican of Bucks County in Eastern Pennsylvania and Democrat Dan Kildee, of Michigan cochair a bipartisan task force in the House of Representatives, formed to take on the growingPFAS ContaminationCrisis. The usage of foam at nearby former military bases is linked to tainted drinking water, affecting tens of thousands of residents in Bucks and Montgomery Counties in Eastern Pennsylvania. (Photo by Bastiaan Slabbers/NurPhoto)",0.0,EUR,50.0,0.0,NurPhoto,https://www.nurphoto.com/photo/3763802,False
<a href='https://www.nurphoto.com/photo/3763802' target='_blank'><img src='https://www.nurphoto.com/photo/3763802/picture/photo' width='100'/></a>,3763802,slabbers-epaexpec190206_npTwj,2019 02 06_06__BS11252 - Warminster former Naval Air Warfare Center Warminster - Public Water PFAs Pollution  =E2=80=94 BS1540.JPG,InsideClimate News,NurPhoto,"Dog-walker at Warminster community park, located at the former Naval Air Warfare Center Warminster, in Bucks County, Pennsylvania, USA  on February 6, 2019. The United States Environmental Protection Agency (EPA) is expected to release updates on tests of per- and polyfuoroalkyl substances or PFAs pollution in public water supplies for 16 million Americans in 33 states, including Pennsylvania. The federal report is delayed due to January 2019 shutdown. Reps. Brian Fitzpatrick, Republican of Bucks County in Eastern Pennsylvania and Democrat Dan Kildee, of Michigan cochair a bipartisan task force in the House of Representatives, formed to take on the growingPFAS ContaminationCrisis. The usage of foam at nearby former military bases is linked to tainted drinking water, affecting tens of thousands of residents in Bucks and Montgomery Counties in Eastern Pennsylvania. (Photo by Bastiaan Slabbers/NurPhoto)",0.0,EUR,50.0,0.0,NurPhoto,https://www.nurphoto.com/photo/3763802,False
<a href='https://www.nurphoto.com/photo/11071095' target='_blank'><img src='https://www.nurphoto.com/photo/11071095/picture/photo' width='100'/></a>,11071095,slabbers-federalf240312_npoKx,_DSF0963.JPG,EREM MEDIA FZ LLC,NurPhoto,"A general view of a construction site is being seen from the Reading viaduct in the Callowhill neighborhood of Philadelphia, PA, USA, on March 12, 2024. U.S. Senators Bob Casey (D-PA) and John Fetterman (D-PA) are announcing a federal funding grant to bridge the gap between neighborhoods by covering the nearby I-676 Vine Street Expressway with a public park and connecting it to the Rail Park. (Photo by Bastiaan Slabbers/NurPhoto)",0.0,EUR,50.0,0.0,NurPhoto,https://www.nurphoto.com/photo/11071095,False
<a href='https://www.nurphoto.com/photo/11206603' target='_blank'><img src='https://www.nurphoto.com/photo/11206603/picture/photo' width='100'/></a>,11206603,slabbers-governor240503_npBLf,_BSA2019.JPG,"Shutterstock, Inc.",NurPhoto,"Governor Josh Shapiro is speaking at a press conference about the proposal of an investment in youth community programming, aiming to reduce violent crime and gun violence, in the West Kensington neighborhood in Philadelphia, Pennsylvania, on May 3, 2024. (Photo by Bastiaan Slabbers/NurPhoto)",0.0,EUR,50.0,0.0,NurPhoto,https://www.nurphoto.com/photo/11206603,False
<a href='https://www.nurphoto.com/photo/11206605' target='_blank'><img src='https://www.nurphoto.com/photo/11206605/picture/photo' width='100'/></a>,11206605,slabbers-governor240503_npUKO,_BSA1971.JPG,24HU0,NurPhoto,"Students are playing soccer as Governor Josh Shapiro speaks at a Combat Gun Violence and Make PA Communities Safer press conference in the West Kensington neighborhood in Philadelphia, Pennsylvania, United States, on May 3, 2024. Governor Shapiro is proposing an investment in youth community programming in the hope of reducing violent crime and gun violence. (Photo by Bastiaan Slabbers/NurPhoto)",0.0,EUR,50.0,0.0,NurPhoto,https://www.nurphoto.com/photo/11206605,False
<a href='https://www.nurphoto.com/photo/2977122' target='_blank'><img src='https://www.nurphoto.com/photo/2977122/picture/photo' width='100'/></a>,2977122,slabbers-handsmai180723_npiL6,_BS13074.JPG,Booker Prize Foundation,NurPhoto,"Protestors in Handsmaids Tale attire gather outside a fundraiser attended by Vice President Mike Pence and Lou Baretta, at the Union League, in Philadelphia, PA, on July 23, 2018. (Photo by Bastiaan Slabbers/NurPhoto)",0.0,EUR,50.0,0.0,NurPhoto,https://www.nurphoto.com/photo/2977122,False
<a href='https://www.nurphoto.com/photo/2977138' target='_blank'><img src='https://www.nurphoto.com/photo/2977138/picture/photo' width='100'/></a>,2977138,slabbers-handsmai180723_npkXo,_BS13108.JPG,DPG Media NV,NurPhoto,"Protestors in Handsmaids Tale attire gather outside a fundraiser attended by Vice President Mike Pence and Lou Baretta, at the Union League, in Philadelphia, PA, on July 23, 2018. (Photo by Bastiaan Slabbers/NurPhoto)",0.0,EUR,50.0,0.0,NurPhoto,https://www.nurphoto.com/photo/2977138,False
<a href='https://www.nurphoto.com/photo/11672359' target='_blank'><img src='https://www.nurphoto.com/photo/11672359/picture/photo' width='100'/></a>,11672359,slabbers-harrisca241016_npALf,_BS19945.JPG,IPA,NurPhoto,"U.S. Vice President Kamala Harris speaks on stage, accompanied by former and current Republicans during a campaign at Washington Crossing Historic Park in Bucks County, Pennsylvania, on October 16, 2024. (Photo by Bastiaan Slabbers/NurPhoto)",0.0,EUR,50.0,0.0,NurPhoto,https://www.nurphoto.com/photo/11672359,False
<a href='https://www.nurphoto.com/photo/4972290' target='_blank'><img src='https://www.nurphoto.com/photo/4972290/picture/photo' width='100'/></a>,4972290,slabbers-historic191001_npBA3,US-COMMUNITY-HISTORY_01.JPG,Associated Newspapers,NurPhoto,"Councilperson Mark Squilla speaks ahead of the unveiling of an PA Historical and Museum Commission marker at the Bethel Burying Grounds, in the Queen Village neighborhood of Philadelphia, PA, on October 1, 2019. (Photo by Bastiaan Slabbers/NurPhoto)",0.0,EUR,50.0,0.0,NurPhoto,https://www.nurphoto.com/photo/4972290,False
<a href='https://www.nurphoto.com/photo/3956414' target='_blank'><img src='https://www.nurphoto.com/photo/3956414/picture/photo' width='100'/></a>,3956414,slabbers-hudsonya181113_nplHc,_BS46851_.jpg,Player Media Group Zrt.,NurPhoto,"View on Hudson Yard in the Chelsea neighborhood of Manhattan, NYC, on November 13, 2018, as the large scale project nears completion in the spring of 2019. After a decade long redevelopment the former warehouse district and Metropolitan Transportation Authority rail yard will include upscale residential and office space as well as potential popular public destinations; The vessel and The Shed (and nearby High Line Park). (Photo by Bastiaan Slabbers/NurPhoto)",0.0,EUR,50.0,0.0,NurPhoto,https://www.nurphoto.com/photo/3956414,False
<a href='https://www.nurphoto.com/photo/2177907' target='_blank'><img src='https://www.nurphoto.com/photo/2177907/picture/photo' width='100'/></a>,2177907,slabbers-hurrican170911_np8dd,_DSC1398.JPG,NBC News,NurPhoto,"Flood water resides from parts of Jacksonville, FL after Hurricane Irma took an unexpected turn and caused massive power outages and coastal flooding around the state, on September 11, 2017. (Photo by Bastiaan Slabbers/NurPhoto)",0.0,EUR,50.0,0.0,NurPhoto,https://www.nurphoto.com/photo/2177907,False
<a href='https://www.nurphoto.com/photo/2177890' target='_blank'><img src='https://www.nurphoto.com/photo/2177890/picture/photo' width='100'/></a>,2177890,slabbers-hurrican170911_np9of,_BAS1351.JPG,NBC News,NurPhoto,"Flood water resides from parts of Jacksonville, FL after Hurricane Irma took an unexpected turn and caused massive power outages and coastal flooding around the state, on September 11, 2017. (Photo by Bastiaan Slabbers/NurPhoto)",0.0,EUR,50.0,0.0,NurPhoto,https://www.nurphoto.com/photo/2177890,False
<a href='https://www.nurphoto.com/photo/2177903' target='_blank'><img src='https://www.nurphoto.com/photo/2177903/picture/photo' width='100'/></a>,2177903,slabbers-hurrican170911_npjyt,_DSC1351.JPG,NBC News,NurPhoto,"Flood water resides from parts of Jacksonville, FL after Hurricane Irma took an unexpected turn and caused massive power outages and coastal flooding around the state, on September 11, 2017. (Photo by Bastiaan Slabbers/NurPhoto)",0.0,EUR,50.0,0.0,NurPhoto,https://www.nurphoto.com/photo/2177903,False
<a href='https://www.nurphoto.com/photo/8979874' target='_blank'><img src='https://www.nurphoto.com/photo/8979874/picture/photo' width='100'/></a>,8979874,slabbers-johnfett221009_npkwt,US-FETTERMAN-PENNSYLVANIA-0055.JPG,FP1 Strategies LLC,NurPhoto,"PA Lt. Governor John Fetterman holds a rally at the Delaware River Waterfront, in Bristol, PA, USA on October 9, 2022. Fetterman runs as the Democratic candidate for a Senate seat against Republican Dr. Mehmet Oz. (Photo by Bastiaan Slabbers/NurPhoto)",0.0,EUR,50.0,0.0,NurPhoto,https://www.nurphoto.com/photo/8979874,False
<a href='https://www.nurphoto.com/photo/8979892' target='_blank'><img src='https://www.nurphoto.com/photo/8979892/picture/photo' width='100'/></a>,8979892,slabbers-johnfett221009_npPJP,US-FETTERMAN-PENNSYLVANIA-0064.JPG,FP1 Strategies LLC,NurPhoto,"PA Lt. Governor John Fetterman speaks on stage during rally at the Delaware River Waterfront, in Bristol, PA, USA on October 9, 2022. Fetterman runs as the Democratic candidate for a Senate seat against Republican Dr. Mehmet Oz. (Photo by Bastiaan Slabbers/NurPhoto)",0.0,EUR,50.0,0.0,NurPhoto,https://www.nurphoto.com/photo/8979892,False
<a href='https://www.nurphoto.com/photo/1686578' target='_blank'><img src='https://www.nurphoto.com/photo/1686578/picture/photo' width='100'/></a>,1686578,slabbers-largetru170129_npSLp,_BAS3809.JPG,LLC Alfacom,NurPhoto,"People arrive by train for a January 29th, 2017 Immigration Ban Protest at Philadelphia International Airport, in Philadelphia Pennsylvania. (Photo by Bastiaan Slabbers/NurPhoto)",0.0,EUR,50.0,0.0,NurPhoto,https://www.nurphoto.com/photo/1686578,False
<a href='https://www.nurphoto.com/photo/2067786' target='_blank'><img src='https://www.nurphoto.com/photo/2067786/picture/photo' width='100'/></a>,2067786,slabbers-liquidat170708_np7SR,20170708_TajMahal_Liquidation_BS1304b_52__BAS9313.JPG,Substack,NurPhoto,"Members of the public browse hallways and some of the 1250 rooms during a large scale liquidation sale at the former Trump Taj Mahal Casino and resort, in Atlantic City, on July 8, 2017. The property recently changed hands for $50mil. And will be redeveloped in a Hard Rock Cafe owned resort. (Photo by Bastiaan Slabbers/NurPhoto)",0.0,EUR,50.0,0.0,NurPhoto,https://www.nurphoto.com/photo/2067786,False
<a href='https://www.nurphoto.com/photo/2067786' target='_blank'><img src='https://www.nurphoto.com/photo/2067786/picture/photo' width='100'/></a>,2067786,slabbers-liquidat170708_np7SR,20170708_TajMahal_Liquidation_BS1304b_52__BAS9313.JPG,Nexstar Broadcasting Inc.,NurPhoto,"Members of the public browse hallways and some of the 1250 rooms during a large scale liquidation sale at the former Trump Taj Mahal Casino and resort, in Atlantic City, on July 8, 2017. The property recently changed hands for $50mil. And will be redeveloped in a Hard Rock Cafe owned resort. (Photo by Bastiaan Slabbers/NurPhoto)",0.0,EUR,50.0,0.0,NurPhoto,https://www.nurphoto.com/photo/2067786,False
<a href='https://www.nurphoto.com/photo/2067786' target='_blank'><img src='https://www.nurphoto.com/photo/2067786/picture/photo' width='100'/></a>,2067786,slabbers-liquidat170708_np7SR,20170708_TajMahal_Liquidation_BS1304b_52__BAS9313.JPG,ViacomCBS ED,NurPhoto,"Members of the public browse hallways and some of the 1250 rooms during a large scale liquidation sale at the former Trump Taj Mahal Casino and resort, in Atlantic City, on July 8, 2017. The property recently changed hands for $50mil. And will be redeveloped in a Hard Rock Cafe owned resort. (Photo by Bastiaan Slabbers/NurPhoto)",0.0,EUR,50.0,0.0,NurPhoto,https://www.nurphoto.com/photo/2067786,False
<a href='https://www.nurphoto.com/photo/2064975' target='_blank'><img src='https://www.nurphoto.com/photo/2064975/picture/photo' width='100'/></a>,2064975,slabbers-maryjbli170704_nptW0,20170704_July4th_Concert_BS1303_50_DSC_4787.jpg,Fox Television Stations LLC,NurPhoto,"The Fourth of July Independence Day celebrations close with fireworks display over the Art Museum steps, in Philadelphia, PA, on July 4th, 2017. (Photo by Bastiaan Slabbers/NurPhoto)",0.0,EUR,50.0,0.0,NurPhoto,https://www.nurphoto.com/photo/2064975,False
<a href='https://www.nurphoto.com/photo/1912088' target='_blank'><img src='https://www.nurphoto.com/photo/1912088/picture/photo' width='100'/></a>,1912088,slabbers-national170422_np2eB,_BAS4165.JPG,TELEX,NurPhoto,"Thousands participate in the National March for Science in Philadelphia, PA, on Earth Day, April 22, 2017. Similar events are held around the nation protesting the conservative views of the Trump-Administration on science. (Photo by Bastiaan Slabbers/NurPhoto)",0.0,EUR,50.0,0.0,NurPhoto,https://www.nurphoto.com/photo/1912088,False
<a href='https://www.nurphoto.com/photo/5754818' target='_blank'><img src='https://www.nurphoto.com/photo/5754818/picture/photo' width='100'/></a>,5754818,slabbers-national200603_npkiA,_DSC9438.jpg,Lunario Media LLC,NurPhoto,"National Guardsmen patrol the residential part of the Wadsworth neighborhood in Philadelphia, PA on June 3, 2020. The community in the Northwest section of the city was recently hit by vandalism and looting. (Photo by Bastiaan Slabbers/NurPhoto)",0.0,EUR,50.0,0.0,NurPhoto,https://www.nurphoto.com/photo/5754818,False
<a href='https://www.nurphoto.com/photo/4671142' target='_blank'><img src='https://www.nurphoto.com/photo/4671142/picture/photo' width='100'/></a>,4671142,slabbers-netroots190713_npFeL,USPOLITICS-CONFERENCE-PROGRESSIVE_0003.JPG,iHeartMedia,NurPhoto,"PA Rep. Summer Lee (D) speaks on stage about the change of the face of power in the United States after a history making number of diverse members were sworn into Congress the past elections, during a keynote discussion of the Netroots Nation progressive grassroots convention in Philadelphia, PA, on July 13, 2019.  (Photo by Bastiaan Slabbers/NurPhoto)",0.0,EUR,50.0,0.0,NurPhoto,https://www.nurphoto.com/photo/4671142,False
<a href='https://www.nurphoto.com/photo/4671140' target='_blank'><img src='https://www.nurphoto.com/photo/4671140/picture/photo' width='100'/></a>,4671140,slabbers-netroots190713_npLqR,USPOLITICS-CONFERENCE-PROGRESSIVE_0002.JPG,Associated Newspapers,NurPhoto,"PA Rep. Summer Lee (D) speaks on stage about the change of the face of power in the United States after a history making number of diverse members were sworn into Congress the past elections, during a keynote discussion of the Netroots Nation progressive grassroots convention in Philadelphia, PA, on July 13, 2019.  (Photo by Bastiaan Slabbers/NurPhoto)",0.0,EUR,50.0,0.0,NurPhoto,https://www.nurphoto.com/photo/4671140,False
<a href='https://www.nurphoto.com/photo/4671140' target='_blank'><img src='https://www.nurphoto.com/photo/4671140/picture/photo' width='100'/></a>,4671140,slabbers-netroots190713_npLqR,USPOLITICS-CONFERENCE-PROGRESSIVE_0002.JPG,iHeartMedia,NurPhoto,"PA Rep. Summer Lee (D) speaks on stage about the change of the face of power in the United States after a history making number of diverse members were sworn into Congress the past elections, during a keynote discussion of the Netroots Nation progressive grassroots convention in Philadelphia, PA, on July 13, 2019.  (Photo by Bastiaan Slabbers/NurPhoto)",0.0,EUR,50.0,0.0,NurPhoto,https://www.nurphoto.com/photo/4671140,False
<a href='https://www.nurphoto.com/photo/3080898' target='_blank'><img src='https://www.nurphoto.com/photo/3080898/picture/photo' width='100'/></a>,3080898,slabbers-njtransi180820_npWSG,_BS15522.jpg,ViacomCBS ED,NurPhoto,"Signage on the platform of the translation in Lindenwold, NJ, on August 20, 2018. The rail service connecting Philadelphia, PA and the shore will temporarily be halted in the last quarter of 2018 to allow installing of a Positive train control (PTC) system. (Photo by Bastiaan Slabbers/NurPhoto)",0.0,EUR,50.0,0.0,NurPhoto,https://www.nurphoto.com/photo/3080898,False
<a href='https://www.nurphoto.com/photo/4130796' target='_blank'><img src='https://www.nurphoto.com/photo/4130796/picture/photo' width='100'/></a>,4130796,slabbers-pacommun190404_nps9C,20190404_Safehouse_Meeting_BS157_08.JPG,NBC News,NurPhoto,"Councilmember Maria Quiones-Sanchez speaks during a community meeting with representatives of Safehouse at Heitzman Rec center in the Harrowgate neighborhood of Philadelphia, PA, on April 4, 2019. The non-profit hopes to open a controversial safe-injection site to offer services for those affected by the opioids crisis. (Photo by Bastiaan Slabbers/NurPhoto)",0.0,EUR,50.0,0.0,NurPhoto,https://www.nurphoto.com/photo/4130796,False
<a href='https://www.nurphoto.com/photo/4060732' target='_blank'><img src='https://www.nurphoto.com/photo/4060732/picture/photo' width='100'/></a>,4060732,slabbers-paemerge190327_np4FB,_BS16496_.JPG,Yahoo Inc.,NurPhoto,"General view of campus life at Temple University, in Philadelphia, PA, on a frisk early spring day of March 27, 2019. To harness a further outbreak of the mumps the Philadelphia Health Department offers this week two free walk-in clinics to students, faculty and staff. The multi-campus public university is home to more than 40.000 students, as well as 4.000 academic staff. (Photo by Bastiaan Slabbers/NurPhoto)",0.0,EUR,50.0,0.0,NurPhoto,https://www.nurphoto.com/photo/4060732,False
<a href='https://www.nurphoto.com/photo/4060730' target='_blank'><img src='https://www.nurphoto.com/photo/4060730/picture/photo' width='100'/></a>,4060730,slabbers-paemerge190327_npBmt,_BS16533_.JPG,ViacomCBS ED,NurPhoto,"General view of campus life at Temple University, in Philadelphia, PA, on a frisk early spring day of March 27, 2019. To harness a further outbreak of the mumps the Philadelphia Health Department offers this week two free walk-in clinics to students, faculty and staff. The multi-campus public university is home to more than 40.000 students, as well as 4.000 academic staff. (Photo by Bastiaan Slabbers/NurPhoto)",0.0,EUR,50.0,0.0,NurPhoto,https://www.nurphoto.com/photo/4060730,False
<a href='https://www.nurphoto.com/photo/4060730' target='_blank'><img src='https://www.nurphoto.com/photo/4060730/picture/photo' width='100'/></a>,4060730,slabbers-paemerge190327_npBmt,_BS16533_.JPG,NBC News,NurPhoto,"General view of campus life at Temple University, in Philadelphia, PA, on a frisk early spring day of March 27, 2019. To harness a further outbreak of the mumps the Philadelphia Health Department offers this week two free walk-in clinics to students, faculty and staff. The multi-campus public university is home to more than 40.000 students, as well as 4.000 academic staff. (Photo by Bastiaan Slabbers/NurPhoto)",0.0,EUR,50.0,0.0,NurPhoto,https://www.nurphoto.com/photo/4060730,False
<a href='https://www.nurphoto.com/photo/5579030' target='_blank'><img src='https://www.nurphoto.com/photo/5579030/picture/photo' width='100'/></a>,5579030,slabbers-pafasttr200128_npUWn,US-HEALTH-EADUCATION-019.JPG,Nexstar Broadcasting Inc.,NurPhoto,"General view of an education lab used for training situations at the Delaware County Technical School Practical Nursing Program, in Broomall, PA, on January 28, 2020. (Photo by Bastiaan Slabbers/NurPhoto)",0.0,EUR,50.0,0.0,NurPhoto,https://www.nurphoto.com/photo/5579030,False
<a href='https://www.nurphoto.com/photo/3627122' target='_blank'><img src='https://www.nurphoto.com/photo/3627122/picture/photo' width='100'/></a>,3627122,slabbers-pafurlou190108_np00l,_BS10524_.jpg,ANO TV NEWS Premium Access Cus,NurPhoto,"U.S. Rep. Brian Fitzpatrick (R-PA 1st District) speaks during a non-partisan rally protesting the Federal Government Shutdown at Independence Mall, in Philadelphia, PA, on January 8, 2019. If continued in the next days the shutdown will be the longest in the U.S. history and was tricked after the Republicans of President Trump lost control over the U.S House of Representatives after the recent elections. (Photo by Bastiaan Slabbers/NurPhoto)",0.0,EUR,50.0,0.0,NurPhoto,https://www.nurphoto.com/photo/3627122,False
<a href='https://www.nurphoto.com/photo/3627128' target='_blank'><img src='https://www.nurphoto.com/photo/3627128/picture/photo' width='100'/></a>,3627128,slabbers-pafurlou190108_np2de,_BS10552_.jpg,Associated Newspapers,NurPhoto,"U.S. Rep. Brendan Boyle (D-PA 2nd District) speaks during a non-partisan rally protesting the Federal Government Shutdown at Independence Mall, in Philadelphia, PA, on January 8, 2019. If continued in the next days the shutdown will be the longest in the U.S. history and was tricked after the Republicans of President Trump lost control over the U.S House of Representatives after the recent elections. (Photo by Bastiaan Slabbers/NurPhoto)",0.0,EUR,50.0,0.0,NurPhoto,https://www.nurphoto.com/photo/3627128,False
<a href='https://www.nurphoto.com/photo/12249693' target='_blank'><img src='https://www.nurphoto.com/photo/12249693/picture/photo' width='100'/></a>,12249693,slabbers-pagovsha250410_npf6t,_BAS5916.JPG,RTL NEWS GmbH,NurPhoto,"After touring the Port of Philadelphia, Josh Shapiro, Governor of Pennsylvania, speaks about the Trump Administration's tariffs' negative impact on local businesses and consumers in Philadelphia, PA, USA, on April 10, 2025. (Photo by Bastiaan Slabbers/NurPhoto)",0.0,EUR,50.0,0.0,NurPhoto,https://www.nurphoto.com/photo/12249693,False
<a href='https://www.nurphoto.com/photo/12249693' target='_blank'><img src='https://www.nurphoto.com/photo/12249693/picture/photo' width='100'/></a>,12249693,slabbers-pagovsha250410_npf6t,_BAS5916.JPG,ABC World News with David Muir,NurPhoto,"After touring the Port of Philadelphia, Josh Shapiro, Governor of Pennsylvania, speaks about the Trump Administration's tariffs' negative impact on local businesses and consumers in Philadelphia, PA, USA, on April 10, 2025. (Photo by Bastiaan Slabbers/NurPhoto)",0.0,EUR,50.0,0.0,NurPhoto,https://www.nurphoto.com/photo/12249693,False
<a href='https://www.nurphoto.com/photo/12249663' target='_blank'><img src='https://www.nurphoto.com/photo/12249663/picture/photo' width='100'/></a>,12249663,slabbers-pagovsha250410_npgui,_BAS6163.JPG,News UK & Ireland Ltd,NurPhoto,"Josh Shapiro, Governor of Pennsylvania, speaks about the negative impact of the Trump Administration's tariffs on local businesses and consumers against the backdrop of an oversized American flag after touring the Port of Philadelphia in Philadelphia, PA, USA, on April 10, 2025. (Photo by Bastiaan Slabbers/NurPhoto)",0.0,EUR,50.0,0.0,NurPhoto,https://www.nurphoto.com/photo/12249663,False
<a href='https://www.nurphoto.com/photo/12249690' target='_blank'><img src='https://www.nurphoto.com/photo/12249690/picture/photo' width='100'/></a>,12249690,slabbers-pagovsha250410_npOYL,_BAS5947.JPG,BV Algemeen Nederlands Persbureau ANP,NurPhoto,"After touring the Port of Philadelphia, Josh Shapiro, Governor of Pennsylvania, speaks about the Trump Administration's tariffs' negative impact on local businesses and consumers in Philadelphia, PA, USA, on April 10, 2025. (Photo by Bastiaan Slabbers/NurPhoto)",0.0,EUR,50.0,0.0,NurPhoto,https://www.nurphoto.com/photo/12249690,False
<a href='https://www.nurphoto.com/photo/12249690' target='_blank'><img src='https://www.nurphoto.com/photo/12249690/picture/photo' width='100'/></a>,12249690,slabbers-pagovsha250410_npOYL,_BAS5947.JPG,"Ettoday Co., Ltd",NurPhoto,"After touring the Port of Philadelphia, Josh Shapiro, Governor of Pennsylvania, speaks about the Trump Administration's tariffs' negative impact on local businesses and consumers in Philadelphia, PA, USA, on April 10, 2025. (Photo by Bastiaan Slabbers/NurPhoto)",0.0,EUR,50.0,0.0,NurPhoto,https://www.nurphoto.com/photo/12249690,False
<a href='https://www.nurphoto.com/photo/4562848' target='_blank'><img src='https://www.nurphoto.com/photo/4562848/picture/photo' width='100'/></a>,4562848,slabbers-pamassiv190621_npgq1,US-DRUGS-BORDER_04.JPG,HK01 Company Limited - Newspap,NurPhoto,"Heavily armed officers stand guard as law enforcement officials present a part of the evidence from a cocaine bust on the MSC Gayane in the port of Philadelphia, during a press conference at U.S. Customs House in Philadelphia, PA, on June 21, 2019. With a total of 35,000lbs, or 15,876kg and estimated street value of over $1 billion in cocaine  the seizure is one of the largest drugs bust in U.S. history, officials claim.  (Photo by Bastiaan Slabbers/NurPhoto)",0.0,EUR,50.0,0.0,NurPhoto,https://www.nurphoto.com/photo/4562848,False
<a href='https://www.nurphoto.com/photo/4562864' target='_blank'><img src='https://www.nurphoto.com/photo/4562864/picture/photo' width='100'/></a>,4562864,slabbers-pamassiv190621_npMHy,US-DRUGS-BORDER_05.JPG,HK01 Company Limited - Newspap,NurPhoto,"Heavily armed officers stand guard as law enforcement officials present a part of the evidence from a cocaine bust on the MSC Gayane in the port of Philadelphia, during a press conference at U.S. Customs House in Philadelphia, PA, on June 21, 2019. With a total of 35,000lbs, or 15,876kg and estimated street value of over $1 billion in cocaine  the seizure is one of the largest drugs bust in U.S. history, officials claim.  (Photo by Bastiaan Slabbers/NurPhoto)",0.0,EUR,50.0,0.0,NurPhoto,https://www.nurphoto.com/photo/4562864,False
<a href='https://www.nurphoto.com/photo/2213666' target='_blank'><img src='https://www.nurphoto.com/photo/2213666/picture/photo' width='100'/></a>,2213666,slabbers-paradeof170923_nppRm,20170923_Parade_of_Chariots_BS1340_16__BS21189.JPG,BBC News & Sport,NurPhoto,"Parade of Chariots, pulled in procession by participant over Benjamin Franklin Parkway, in the direction of Eakins Oval, in Philadelphia, PA, on September 23, 2017. Participating in the parade are members of International Society For Krishna Consciousness as well as locals representing the Indian culture and heritage. (Photo by Bastiaan Slabbers/NurPhoto)",0.0,EUR,50.0,0.0,NurPhoto,https://www.nurphoto.com/photo/2213666,False
<a href='https://www.nurphoto.com/photo/4456090' target='_blank'><img src='https://www.nurphoto.com/photo/4456090/picture/photo' width='100'/></a>,4456090,slabbers-pasuppor190520_npGuY,USA-ELECTIONS-TRUMP_32.JPG,LE KIOSQUE SAUMUR - DIGITAL ET SOCIAL (MEDIA KIOSQUE),NurPhoto,"A Fan hold out a MAGA caps and sharpies as US President Donald J. Trump departs after speaking at a MAGA rally at the Williamsport Regional Airport, in Montoursville, PA on May 20, 2019. (Photo by Bastiaan Slabbers/NurPhoto)",0.0,EUR,50.0,0.0,NurPhoto,https://www.nurphoto.com/photo/4456090,False
<a href='https://www.nurphoto.com/photo/5533044' target='_blank'><img src='https://www.nurphoto.com/photo/5533044/picture/photo' width='100'/></a>,5533044,slabbers-patrumpa200305_npGfM,US-POLITICS-PENNSYLVANIA-033.JPG,"Promotora de Informaciones, S.",NurPhoto,"President Donald Trump greets supporters after a town hall, hosted by FOX News Channel, at the Scranton Cultural Center in Scranton, PA, on March 5, 2020.  (Photo by Bastiaan Slabbers/NurPhoto)",0.0,EUR,50.0,0.0,NurPhoto,https://www.nurphoto.com/photo/5533044,False
<a href='https://www.nurphoto.com/photo/5533044' target='_blank'><img src='https://www.nurphoto.com/photo/5533044/picture/photo' width='100'/></a>,5533044,slabbers-patrumpa200305_npGfM,US-POLITICS-PENNSYLVANIA-033.JPG,Mediengruppe sterreich GmbH,NurPhoto,"President Donald Trump greets supporters after a town hall, hosted by FOX News Channel, at the Scranton Cultural Center in Scranton, PA, on March 5, 2020.  (Photo by Bastiaan Slabbers/NurPhoto)",0.0,EUR,50.0,0.0,NurPhoto,https://www.nurphoto.com/photo/5533044,False
<a href='https://www.nurphoto.com/photo/5533044' target='_blank'><img src='https://www.nurphoto.com/photo/5533044/picture/photo' width='100'/></a>,5533044,slabbers-patrumpa200305_npGfM,US-POLITICS-PENNSYLVANIA-033.JPG,The Young Turks,NurPhoto,"President Donald Trump greets supporters after a town hall, hosted by FOX News Channel, at the Scranton Cultural Center in Scranton, PA, on March 5, 2020.  (Photo by Bastiaan Slabbers/NurPhoto)",0.0,EUR,50.0,0.0,NurPhoto,https://www.nurphoto.com/photo/5533044,False
<a href='https://www.nurphoto.com/photo/3813906' target='_blank'><img src='https://www.nurphoto.com/photo/3813906/picture/photo' width='100'/></a>,3813906,slabbers-pavalent190214_npFit,_BS12061.JPG,"Audacy, Inc.",NurPhoto,"Bouquets of roses decorate the pedestal of the iconic LOVE Park statue, in Philadelphia, PA, on Valentines Day, February 14, 2019. (Photo by Bastiaan Slabbers/NurPhoto)",0.0,EUR,50.0,0.0,NurPhoto,https://www.nurphoto.com/photo/3813906,False
<a href='https://www.nurphoto.com/photo/3982324' target='_blank'><img src='https://www.nurphoto.com/photo/3982324/picture/photo' width='100'/></a>,3982324,slabbers-pennsylv190313_npM15,Sunoco_Mariner_East_2_West_Chester_PA_18_BS1560__BS14208_.jpg,RADIO TELEVISION HONG KONG,NurPhoto,"Warning sings mark the presence of a natural gas liquids pipeline, in West Chester, PA, on March 13, 2019. The 350-mile cross-state Mariner East pipeline connects the Marcellus Shale and Utica Shale with Marcus Hook Industrial Complex in Delaware County, PA. In March Pennsylvania state attorney general and Delaware County district attorney launched criminal investigation into Sunoco Logistic Partners and Energy Transfer LP, alleging misconducts in the project realization of Mariner East Pipeline system. (Photo by Bastiaan Slabbers/NurPhoto)",0.0,EUR,50.0,0.0,NurPhoto,https://www.nurphoto.com/photo/3982324,False
<a href='https://www.nurphoto.com/photo/3982360' target='_blank'><img src='https://www.nurphoto.com/photo/3982360/picture/photo' width='100'/></a>,3982360,slabbers-pennsylv190313_npvKo,Sunoco_Mariner_East_2_West_Chester_PA_22_BS1560__BS14174_.jpg,"Audacy, Inc.",NurPhoto,"Pipes for natural gas liquids lay at the Mariner East 2 pipeline construction site in West Chester, Pennsylvania, on March 13, 2019. In March Pennsylvania state attorney general and Delaware County district attorney launched criminal investigation into Sunoco Logistic Partners and Energy Transfer LP, alleging misconducts in the project realization of Mariner East Pipeline system. (Photo by Bastiaan Slabbers/NurPhoto)",0.0,EUR,50.0,0.0,NurPhoto,https://www.nurphoto.com/photo/3982360,False
<a href='https://www.nurphoto.com/photo/5646406' target='_blank'><img src='https://www.nurphoto.com/photo/5646406/picture/photo' width='100'/></a>,5646406,slabbers-pfasfore190822_npdxj,US-FOREVERCHEMICALS-PENNSYLVANIA-006.JPG,Grist Magazine,NurPhoto,"Part of filtration system designed to filter out PFAS Forever Chemicals from the drink water supply, at Well #2 of the Horsham Water and Sewer Authority facility in Horsham, Pa., on August 22, 2019. (Photo by Bastiaan Slabbers/NurPhoto)",0.0,EUR,50.0,0.0,NurPhoto,https://www.nurphoto.com/photo/5646406,False
<a href='https://www.nurphoto.com/photo/5646424' target='_blank'><img src='https://www.nurphoto.com/photo/5646424/picture/photo' width='100'/></a>,5646424,slabbers-pfasfore190822_npWC6,US-FOREVERCHEMICALS-PENNSYLVANIA-009.JPG,Vox Media,NurPhoto,"Part of filtration system designed to filter out PFAS Forever Chemicals from the drink water supply, at Well #2 of the Horsham Water and Sewer Authority facility in Horsham, Pa., on August 22, 2019. (Photo by Bastiaan Slabbers/NurPhoto)",0.0,EUR,50.0,0.0,NurPhoto,https://www.nurphoto.com/photo/5646424,False
<a href='https://www.nurphoto.com/photo/5646408' target='_blank'><img src='https://www.nurphoto.com/photo/5646408/picture/photo' width='100'/></a>,5646408,slabbers-pfasfore190822_npyMR,US-FOREVERCHEMICALS-PENNSYLVANIA-004.JPG,LADbible,NurPhoto,"Part of filtration system designed to filter out PFAS Forever Chemicals from the drink water supply, at Well #2 of the Horsham Water and Sewer Authority facility in Horsham, Pa., on August 22, 2019. (Photo by Bastiaan Slabbers/NurPhoto)",0.0,EUR,50.0,0.0,NurPhoto,https://www.nurphoto.com/photo/5646408,False
<a href='https://www.nurphoto.com/photo/2441576' target='_blank'><img src='https://www.nurphoto.com/photo/2441576/picture/photo' width='100'/></a>,2441576,slabbers-philadel180123_np6f4,BAS_3206.JPG,Nexstar Broadcasting Inc.,NurPhoto,"Lights appear green, due to lens aberrations and white-balance shift during capture, at Boathouse Row in Philadelphia, PA, on January 23, 2018. While some buildings in the Center City Philadelphia skyline don green lights to celebrate that the Philadelphia Eagles are Super Bowl bound, the led lights at the famous historic site on the Schuylkill River remains currently in a neutral appearance. (Photo by Bastiaan Slabbers/NurPhoto)",0.0,EUR,50.0,0.0,NurPhoto,https://www.nurphoto.com/photo/2441576,False
<a href='https://www.nurphoto.com/photo/4138584' target='_blank'><img src='https://www.nurphoto.com/photo/4138584/picture/photo' width='100'/></a>,4138584,slabbers-philadel190410_npEHQ,US-WEATHER-SPRING_21.JPG,42-18 LLC,NurPhoto,"People jog, stroll and bike along the Schuylkill river against a backdrop of cherry blossom trees in full bloom, in the Fairmount Park section of Philadelphia, PA on April 10, 2019. Each spring the vibrant tree line proves popular amongst tourists, photographers and Instagrammers. (Photo by Bastiaan Slabbers/NurPhoto)",0.0,EUR,50.0,0.0,NurPhoto,https://www.nurphoto.com/photo/4138584,False
<a href='https://www.nurphoto.com/photo/4138462' target='_blank'><img src='https://www.nurphoto.com/photo/4138462/picture/photo' width='100'/></a>,4138462,slabbers-philadel190410_npfS0,US-WEATHER-SPRING_06.JPG,City Cast LLC,NurPhoto,"People relax at the cherry blossom lined Schuylkill river banks, in the Fairmount Park section of Philadelphia, PA on April 10, 2019. Each spring the vibrant tree line proves popular amongst tourists, photographers and Instagrammers. (Photo by Bastiaan Slabbers/NurPhoto)",0.0,EUR,50.0,0.0,NurPhoto,https://www.nurphoto.com/photo/4138462,False
<a href='https://www.nurphoto.com/photo/11244852' target='_blank'><img src='https://www.nurphoto.com/photo/11244852/picture/photo' width='100'/></a>,11244852,slabbers-philadel240515_npPqF,_BS13260.JPG,MEDIAWORKS_IMEDIA,NurPhoto,"Union's Daniel Gazdag is in action during the second half as Philadelphia Union is taking on New York City FC at Subaru Park in Chester, PA, USA, on May 15, 2024. (Photo by Bastiaan Slabbers/NurPhoto)",0.0,EUR,50.0,0.0,NurPhoto,https://www.nurphoto.com/photo/11244852,False
<a href='https://www.nurphoto.com/photo/11244852' target='_blank'><img src='https://www.nurphoto.com/photo/11244852/picture/photo' width='100'/></a>,11244852,slabbers-philadel240515_npPqF,_BS13260.JPG,MEDIAWORKS_MAGAZINE,NurPhoto,"Union's Daniel Gazdag is in action during the second half as Philadelphia Union is taking on New York City FC at Subaru Park in Chester, PA, USA, on May 15, 2024. (Photo by Bastiaan Slabbers/NurPhoto)",0.0,EUR,50.0,0.0,NurPhoto,https://www.nurphoto.com/photo/11244852,False
<a href='https://www.nurphoto.com/photo/11244857' target='_blank'><img src='https://www.nurphoto.com/photo/11244857/picture/photo' width='100'/></a>,11244857,slabbers-philadel240515_npqoD,_BS13420.JPG,MEDIAWORKS_MAGAZINE,NurPhoto,"Daniel Gazdag is in action in the second half as Philadelphia Union is taking on New York City FC at Subaru Park in Chester, PA, USA, on May 15, 2024. (Photo by Bastiaan Slabbers/NurPhoto)",0.0,EUR,50.0,0.0,NurPhoto,https://www.nurphoto.com/photo/11244857,False
<a href='https://www.nurphoto.com/photo/11244857' target='_blank'><img src='https://www.nurphoto.com/photo/11244857/picture/photo' width='100'/></a>,11244857,slabbers-philadel240515_npqoD,_BS13420.JPG,MEDIAWORKS_IMEDIA,NurPhoto,"Daniel Gazdag is in action in the second half as Philadelphia Union is taking on New York City FC at Subaru Park in Chester, PA, USA, on May 15, 2024. (Photo by Bastiaan Slabbers/NurPhoto)",0.0,EUR,50.0,0.0,NurPhoto,https://www.nurphoto.com/photo/11244857,False
<a href='https://www.nurphoto.com/photo/11244857' target='_blank'><img src='https://www.nurphoto.com/photo/11244857/picture/photo' width='100'/></a>,11244857,slabbers-philadel240515_npqoD,_BS13420.JPG,MEDIAWORKS_MAGAZINE,NurPhoto,"Daniel Gazdag is in action in the second half as Philadelphia Union is taking on New York City FC at Subaru Park in Chester, PA, USA, on May 15, 2024. (Photo by Bastiaan Slabbers/NurPhoto)",0.0,EUR,50.0,0.0,NurPhoto,https://www.nurphoto.com/photo/11244857,False
<a href='https://www.nurphoto.com/photo/4444298' target='_blank'><img src='https://www.nurphoto.com/photo/4444298/picture/photo' width='100'/></a>,4444298,slabbers-phillybe190531_np619,US-BEER-CONVENTION_01.JPG,Mediahuis nv,NurPhoto,"Attendees wearing red Make Beer Great Again hats, styled after US President Donald Trump's campaign slogan, pose for a photo during the opening of the 2019 rendition of the annual Philly Beer Week, under the I-95, in South Philadelphia, PA on May 31, 2019. (Photo by Bastiaan Slabbers/NurPhoto)",0.0,EUR,50.0,0.0,NurPhoto,https://www.nurphoto.com/photo/4444298,False
<a href='https://www.nurphoto.com/photo/11561540' target='_blank'><img src='https://www.nurphoto.com/photo/11561540/picture/photo' width='100'/></a>,11561540,slabbers-preparat240909_np5gt,_BAS7350.JPG,Shanghai Yingmai Culture Communication Co. Ltd,NurPhoto,"A cyclist bikes past media booths set up outside as preparations are made a day ahead of the first Presidential debate between Vice President Kamala Harris and former President Donald Trump at the National Constitution Center in Philadelphia, PA, USA, on September 9, 2024. (Photo by Bastiaan Slabbers/NurPhoto)",0.0,EUR,50.0,0.0,NurPhoto,https://www.nurphoto.com/photo/11561540,False
<a href='https://www.nurphoto.com/photo/11561531' target='_blank'><img src='https://www.nurphoto.com/photo/11561531/picture/photo' width='100'/></a>,11561531,slabbers-preparat240909_npasO,_BAS7373.JPG,Shanghai Yingmai Culture Communication Co. Ltd,NurPhoto,"People walk past the security perimeter surrounding the stage a day ahead of the first Presidential debate between Vice President Kamala Harris and former President Donald Trump at the National Constitution Center in Philadelphia, PA, USA, on September 9, 2024. (Photo by Bastiaan Slabbers/NurPhoto)",0.0,EUR,50.0,0.0,NurPhoto,https://www.nurphoto.com/photo/11561531,False
<a href='https://www.nurphoto.com/photo/11561532' target='_blank'><img src='https://www.nurphoto.com/photo/11561532/picture/photo' width='100'/></a>,11561532,slabbers-preparat240909_npIu2,_BAS7370.JPG,Shanghai Yingmai Culture Communication Co. Ltd,NurPhoto,"Preparations are made a day ahead of the first debate between Vice President Kamala Harris and former President Donald Trump, hosted by ABC at the National Constitution Center in Philadelphia, Pennsylvania, USA, on September 9, 2024. (Photo by Bastiaan Slabbers/NurPhoto)",0.0,EUR,50.0,0.0,NurPhoto,https://www.nurphoto.com/photo/11561532,False
<a href='https://www.nurphoto.com/photo/11561535' target='_blank'><img src='https://www.nurphoto.com/photo/11561535/picture/photo' width='100'/></a>,11561535,slabbers-preparat240909_nplZH,_BAS7364.JPG,Shanghai Yingmai Culture Communication Co. Ltd,NurPhoto,"Fences line the security perimeter as preparations are made a day ahead of the first Presidential debate between Vice President Kamala Harris and former President Donald Trump at the National Constitution Center in Philadelphia, PA, USA, on September 9, 2024. (Photo by Bastiaan Slabbers/NurPhoto)",0.0,EUR,50.0,0.0,NurPhoto,https://www.nurphoto.com/photo/11561535,False
<a href='https://www.nurphoto.com/photo/11561530' target='_blank'><img src='https://www.nurphoto.com/photo/11561530/picture/photo' width='100'/></a>,11561530,slabbers-preparat240909_npn9b,_BAS7379.JPG,Shanghai Yingmai Culture Communication Co. Ltd,NurPhoto,"People walk past the security perimeter surrounding the stage a day ahead of the first Presidential debate between Vice President Kamala Harris and former President Donald Trump at the National Constitution Center in Philadelphia, PA, USA, on September 9, 2024. (Photo by Bastiaan Slabbers/NurPhoto)",0.0,EUR,50.0,0.0,NurPhoto,https://www.nurphoto.com/photo/11561530,False
<a href='https://www.nurphoto.com/photo/11561533' target='_blank'><img src='https://www.nurphoto.com/photo/11561533/picture/photo' width='100'/></a>,11561533,slabbers-preparat240909_npr5z,_BAS7369.JPG,Shanghai Yingmai Culture Communication Co. Ltd,NurPhoto,"People walk past the security perimeter surrounding the stage a day ahead of the first Presidential debate between Vice President Kamala Harris and former President Donald Trump at the National Constitution Center in Philadelphia, PA, USA, on September 9, 2024. (Photo by Bastiaan Slabbers/NurPhoto)",0.0,EUR,50.0,0.0,NurPhoto,https://www.nurphoto.com/photo/11561533,False
<a href='https://www.nurphoto.com/photo/11561534' target='_blank'><img src='https://www.nurphoto.com/photo/11561534/picture/photo' width='100'/></a>,11561534,slabbers-preparat240909_npx0h,_BAS7366.JPG,Shanghai Yingmai Culture Communication Co. Ltd,NurPhoto,"Preparations are made a day ahead of the first debate between Vice President Kamala Harris and former President Donald Trump, hosted by ABC at the National Constitution Center in Philadelphia, Pennsylvania, USA, on September 9, 2024. (Photo by Bastiaan Slabbers/NurPhoto)",0.0,EUR,50.0,0.0,NurPhoto,https://www.nurphoto.com/photo/11561534,False
<a href='https://www.nurphoto.com/photo/2804484' target='_blank'><img src='https://www.nurphoto.com/photo/2804484/picture/photo' width='100'/></a>,2804484,slabbers-pridepar180610_npOHV,_BS12032.JPG,Axios Media Inc.,NurPhoto,"Scene from the 30th annual Pride Parade and Festival, celebrating the LGTBQ community, in Philadelphia, PA, on June 10, 2018. (Photo by Bastiaan Slabbers/NurPhoto)",0.0,EUR,50.0,0.0,NurPhoto,https://www.nurphoto.com/photo/2804484,False
<a href='https://www.nurphoto.com/photo/2841882' target='_blank'><img src='https://www.nurphoto.com/photo/2841882/picture/photo' width='100'/></a>,2841882,slabbers-protestd180619_npYjZ,_BS21618.jpg,"Breitbart News Network, LLC",NurPhoto,"Protestors gather outside an Republican Governors Association (RGA) organized event with Vice President Mike Pence, at a Rittenhouse  Square hotel, in Philadelphia, PA, on June 19, 2018. (Photo by Bastiaan Slabbers/NurPhoto)",0.0,EUR,50.0,0.0,NurPhoto,https://www.nurphoto.com/photo/2841882,False
<a href='https://www.nurphoto.com/photo/3279340' target='_blank'><img src='https://www.nurphoto.com/photo/3279340/picture/photo' width='100'/></a>,3279340,slabbers-rendellc181010_npVAu,_BS13329.jpg,ViacomCBS ED,NurPhoto,"Former Governor Ed Rendell speaks at a student forum with Tom Wolf, Incumbent and Democratic candidate and Scott Wagner, Republican candidate for the seat of Governor of Pennsylvania, in Philadelphia, PA, on October 10, 2018. De event at the School District of Philadelphia headquarters is put up by the Rendell Center for Civics and Civic Engagement of former Governor Ed Rendell.
 (Photo by Bastiaan Slabbers/NurPhoto)",0.0,EUR,50.0,0.0,NurPhoto,https://www.nurphoto.com/photo/3279340,False
<a href='https://www.nurphoto.com/photo/2135546' target='_blank'><img src='https://www.nurphoto.com/photo/2135546/picture/photo' width='100'/></a>,2135546,slabbers-rizzosta170821_npv86,_DSC8516.JPG,Axios Media Inc.,NurPhoto,"Protestors demand the removal of the Frank Rizzo statue, at a rally near City Hall, in Philadelphia, PA, on August 21, 2017.  (Photo by Bastiaan Slabbers/NurPhoto)",0.0,EUR,50.0,0.0,NurPhoto,https://www.nurphoto.com/photo/2135546,False
<a href='https://www.nurphoto.com/photo/3124816' target='_blank'><img src='https://www.nurphoto.com/photo/3124816/picture/photo' width='100'/></a>,3124816,slabbers-sanraark180908_npDvd,_BS43287.jpg,ViacomCBS ED,NurPhoto,"Sun Ra Arkestra, conducted by the 94 year old Marshall Allen, performs in west Philadelphia, PA, on September 8, 2018.  (Photo by Bastiaan Slabbers/NurPhoto)",0.0,EUR,50.0,0.0,NurPhoto,https://www.nurphoto.com/photo/3124816,False
<a href='https://www.nurphoto.com/photo/2645802' target='_blank'><img src='https://www.nurphoto.com/photo/2645802/picture/photo' width='100'/></a>,2645802,slabbers-septaend171010_npXzF,20171010_Daily_Life_BS1348 _08__BAS7585.jpg,Government Executive Magazine,NurPhoto,"Commuters ride a SEPTA bus on October 10, 2017, in the Philadelphia, PA Suburbs. Southeastern Pennsylvania Transportation Authority(SEPTA), the major public transit provider in the Delaware valley ends the sale of tokens on May 1, 2018 as it moves to a MasterCard Paypass system for fare payments.  (Photo by Bastiaan Slabbers/NurPhoto)",0.0,EUR,50.0,0.0,NurPhoto,https://www.nurphoto.com/photo/2645802,False
<a href='https://www.nurphoto.com/photo/2645793' target='_blank'><img src='https://www.nurphoto.com/photo/2645793/picture/photo' width='100'/></a>,2645793,slabbers-septaend180410_npPgN,_BAS3669.jpg,Interactive One LLC,NurPhoto,"Commuters use Wallmart shopping cards as a makeshift seat while waiting for a bus, at a bus stop in NorthWest Philadelphia, PA, on April 14, 2018. Southeastern Pennsylvania Transportation Authority(SEPTA), the major public transit provider in the Delaware valley ends the sale of tokens on May 1, 2018 as it moves to a MasterCard Paypass system for fare payments.  (Photo by Bastiaan Slabbers/NurPhoto)",0.0,EUR,50.0,0.0,NurPhoto,https://www.nurphoto.com/photo/2645793,False
<a href='https://www.nurphoto.com/photo/2645831' target='_blank'><img src='https://www.nurphoto.com/photo/2645831/picture/photo' width='100'/></a>,2645831,slabbers-septaend180421_np9tx,_BS29045.jpg,Government Executive Magazine,NurPhoto,"SEPTA conductor stands on the balcony of a Silverliner IV Regional Rail train, in Philadelphia, PA, on April 16, 2018. Southeastern Pennsylvania Transportation Authority(SEPTA), the major public transit provider in the Delaware valley ends the sale of tokens on May 1, 2018 as it moves to a MasterCard Paypass system for fare payments.  (Photo by Bastiaan Slabbers/NurPhoto)",0.0,EUR,50.0,0.0,NurPhoto,https://www.nurphoto.com/photo/2645831,False
<a href='https://www.nurphoto.com/photo/9039522' target='_blank'><img src='https://www.nurphoto.com/photo/9039522/picture/photo' width='100'/></a>,9039522,slabbers-shapirot221019_npJpr,_DSF4612.JPG,Fox News (GraphicsBank/Images),NurPhoto,"Democratic candidate for Pennsylvania Governor Josh Shapiro talks about economic development with community members, faith leaders and business owners during a campaign stop at Grocery Outlet Bargain Market in North Philadelphia, PA,  USA on October 19, 2022. (Photo by Bastiaan Slabbers/NurPhoto)",0.0,EUR,50.0,0.0,NurPhoto,https://www.nurphoto.com/photo/9039522,False
<a href='https://www.nurphoto.com/photo/9104132' target='_blank'><img src='https://www.nurphoto.com/photo/9104132/picture/photo' width='100'/></a>,9104132,slabbers-shapriod221030_npJ4a,_BSA5448.JPG,ABC News (Primary),NurPhoto,"Pennsylvania Attorney General Josh Shapiro, Democratic candidate in the PA Gubernatorial race walks to  up to attend the Eagles/Steelers game at Lincoln Financial Field, in South Philadelphia, PA, USA on October, 30, 2022. (Photo by Bastiaan Slabbers/NurPhoto)",0.0,EUR,50.0,0.0,NurPhoto,https://www.nurphoto.com/photo/9104132,False
<a href='https://www.nurphoto.com/photo/9104102' target='_blank'><img src='https://www.nurphoto.com/photo/9104102/picture/photo' width='100'/></a>,9104102,slabbers-shapriod221030_npvLq,_BSA5211.JPG,ABC News (Primary),NurPhoto,"Pennsylvania Attorney General Josh Shapiro, the Democratic candidate in the PA Gubernatorial race, sided by State Rep. Austin Davis, holds a tailgate party outside the Eagles/Steelers game at Lincoln Financial Field, in South Philadelphia, PA, USA on October, 30, 2022. (Photo by Bastiaan Slabbers/NurPhoto)",0.0,EUR,50.0,0.0,NurPhoto,https://www.nurphoto.com/photo/9104102,False
<a href='https://www.nurphoto.com/photo/5069306' target='_blank'><img src='https://www.nurphoto.com/photo/5069306/picture/photo' width='100'/></a>,5069306,slabbers-speakerp191101_np0mJ,US-DEMOPCRATS-PENNSYLVANIA-16.JPG,Nexstar Broadcasting Inc.,NurPhoto,"Malcolm Kenyatta attends the Inaugural Independence Dinner, hosted by Pennsylvania Democratic Party, at the Pennsylvania Convention Center, in Philadelphia, PA, on November 1, 2019. (Photo by Bastiaan Slabbers/NurPhoto)",0.0,EUR,50.0,0.0,NurPhoto,https://www.nurphoto.com/photo/5069306,False
<a href='https://www.nurphoto.com/photo/5662608' target='_blank'><img src='https://www.nurphoto.com/photo/5662608/picture/photo' width='100'/></a>,5662608,slabbers-springwe200428_npCih,US-WEATHER-PHILADELPHIA-008.JPG,Axios Media Inc.,NurPhoto,"Cyclist and pedestrians are seen on the Schuylkill River Trail along Kelly Drive and the Schuylkill River in Philadelphia, PA, on April 28, 2020. Despite the state-wide stay-at-home order still in effect, spring weather draws hundreds to exercise outdoors. (Photo by Bastiaan Slabbers/NurPhoto)",0.0,EUR,50.0,0.0,NurPhoto,https://www.nurphoto.com/photo/5662608,False
<a href='https://www.nurphoto.com/photo/4923598' target='_blank'><img src='https://www.nurphoto.com/photo/4923598/picture/photo' width='100'/></a>,4923598,slabbers-students190927_npu4t,WOLCHARTER_04_14.JPG,Interactive One LLC,NurPhoto,"Fifteen seventh-grade students fell sick and were send to the school nurse after eating marshmallow crisped rice treats reportedly laced with marijuana,  at West Oak Lane Charter School, in Philadelphia, PA on September 27, 2019. Police remain on the scene to investigate after edibles were brought to school and shared by a classmate. (Photo by Bastiaan Slabbers/NurPhoto)",0.0,EUR,50.0,0.0,NurPhoto,https://www.nurphoto.com/photo/4923598,False
<a href='https://www.nurphoto.com/photo/2970312' target='_blank'><img src='https://www.nurphoto.com/photo/2970312/picture/photo' width='100'/></a>,2970312,slabbers-summerce180720_npzWd,_BS12906.jpg,ViacomCBS ED,NurPhoto,"Community members celebrate summer at the Oval, on the Benjamin Franklin Parkway, in Philadelphia, PA on July 20, 2018. A pop-up public space featuring play, and spray-ground, beer garden, food trucks and entertainment is installed at Eakins Oval near the Art Museum steps till August 19th. (Photo by Bastiaan Slabbers/NurPhoto)",0.0,EUR,50.0,0.0,NurPhoto,https://www.nurphoto.com/photo/2970312,False
<a href='https://www.nurphoto.com/photo/2470704' target='_blank'><img src='https://www.nurphoto.com/photo/2470704/picture/photo' width='100'/></a>,2470704,slabbers-superbow180208_npGE6,_BAS7789.JPG,Fox Sports Interactive Media,NurPhoto,"Philadelphia Eagles center Jason Kelce delivers a rant as he speaks from the stage to hundreds of thousands on the Parkway in Philadelphia, PA, on February 8, 2018, gathered to celebrate the Philadelphia Eagles winning Super Bowl LII. The Eagles beat the New England Patriots by 41-33. (Photo by Bastiaan Slabbers/NurPhoto)",0.0,EUR,50.0,0.0,NurPhoto,https://www.nurphoto.com/photo/2470704,False
<a href='https://www.nurphoto.com/photo/1925062' target='_blank'><img src='https://www.nurphoto.com/photo/1925062/picture/photo' width='100'/></a>,1925062,slabbers-trump100170429_np6NA,20170429_Trump_100Days_BS1276_054__BAS5362.JPG,Reach Publishing,NurPhoto,"President Donald Trump speaks to thousands at a April 29, 2017 ""Make America Great Again"" rally in Harrisburg, PA. The =E2=80=9CMake America Great Again=E2=80=9D event is to celebrate the president=E2=80=99s first 100 days in office and to campaign for the 2020 US Presidential Elections.
 (Photo by Bastiaan Slabbers/NurPhoto)",0.0,EUR,50.0,0.0,NurPhoto,https://www.nurphoto.com/photo/1925062,False
<a href='https://www.nurphoto.com/photo/1925058' target='_blank'><img src='https://www.nurphoto.com/photo/1925058/picture/photo' width='100'/></a>,1925058,slabbers-trump100170429_npRZ7,20170429_Trump_100Days_BS1276_057__BAS5386.JPG,Reach Publishing,NurPhoto,"President Donald Trump speaks to thousands at a April 29, 2017 ""Make America Great Again"" rally in Harrisburg, PA. The =E2=80=9CMake America Great Again=E2=80=9D event is to celebrate the president=E2=80=99s first 100 days in office and to campaign for the 2020 US Presidential Elections.
 (Photo by Bastiaan Slabbers/NurPhoto)",0.0,EUR,50.0,0.0,NurPhoto,https://www.nurphoto.com/photo/1925058,False
<a href='https://www.nurphoto.com/photo/1644832' target='_blank'><img src='https://www.nurphoto.com/photo/1644832/picture/photo' width='100'/></a>,1644832,slabbers-trumpann160907_np1RV,20160907_Trump_Union_League_BS1174_012.jpg,"NEW ADVENTURES, LDA",NurPhoto,"Republican Presidential Candidate Donald Trump outlines his campaign's Security and Foreign policies for a small group in the Lincoln Room of the Union League of Philadelphia, in Philadelphia, Pennsylvania, on September 7, 2016. (Photo by Bastiaan Slabbers/NurPhoto)",0.0,EUR,50.0,0.0,NurPhoto,https://www.nurphoto.com/photo/1644832,False
<a href='https://www.nurphoto.com/photo/5219088' target='_blank'><img src='https://www.nurphoto.com/photo/5219088/picture/photo' width='100'/></a>,5219088,slabbers-trumppen191210_nppMH,US-PENNSYLVANIA-CAMPAIGN-85.JPG,Nexstar Broadcasting Inc.,NurPhoto,"U.S. President Donald Trump speaks for more than an hour as he and Vice-President Mike Pence return to Pennsylvania for a a Keep America Great campaign rally at the Giant Center, in Hershey, PA, on December 10, 2019. (Photo by Bastiaan Slabbers/NurPhoto)",0.0,EUR,50.0,0.0,NurPhoto,https://www.nurphoto.com/photo/5219088,False
<a href='https://www.nurphoto.com/photo/11003811' target='_blank'><img src='https://www.nurphoto.com/photo/11003811/picture/photo' width='100'/></a>,11003811,slabbers-trumpspe240217_npORq,_BSA5816.JPG,IPA,NurPhoto,"Former U.S. President Donald Trump is speaking on stage to promote self-branded golden sneakers during an appearance at SneakerCon at the Pennsylvania Convention Center in Philadelphia, PA, USA, on February 17, 2024. (Photo by Bastiaan Slabbers/NurPhoto)",0.0,EUR,50.0,0.0,NurPhoto,https://www.nurphoto.com/photo/11003811,False
<a href='https://www.nurphoto.com/photo/11003811' target='_blank'><img src='https://www.nurphoto.com/photo/11003811/picture/photo' width='100'/></a>,11003811,slabbers-trumpspe240217_npORq,_BSA5816.JPG,IPA,NurPhoto,"Former U.S. President Donald Trump is speaking on stage to promote self-branded golden sneakers during an appearance at SneakerCon at the Pennsylvania Convention Center in Philadelphia, PA, USA, on February 17, 2024. (Photo by Bastiaan Slabbers/NurPhoto)",0.0,EUR,50.0,0.0,NurPhoto,https://www.nurphoto.com/photo/11003811,False
<a href='https://www.nurphoto.com/photo/3280846' target='_blank'><img src='https://www.nurphoto.com/photo/3280846/picture/photo' width='100'/></a>,3280846,slabbers-undocume170106_np0D4,2017 01 06_10__BS45730 - B Slabbers -  - Philadelphia Sen Casey Office -   =E2=80=94 .JPG,DailyWire LLC,NurPhoto,"To demand the stop of their deportation, undocumented Carmela Apolonio Hernandez and daughter Keyri Artillero Apolonio, 14, leave sanctuary to occupy first the office and later the lobby at the office of Senator Bob Casey, in Philadelphia, PA, on October 10, 2018.  (Photo by Bastiaan Slabbers/NurPhoto)",0.0,EUR,50.0,0.0,NurPhoto,https://www.nurphoto.com/photo/3280846,False
<a href='https://www.nurphoto.com/photo/3280872' target='_blank'><img src='https://www.nurphoto.com/photo/3280872/picture/photo' width='100'/></a>,3280872,slabbers-undocume170106_npiQd,2017 01 06_13__BS14183 - B Slabbers -  - Philadelphia Sen Casey Office -   =E2=80=94 .JPG,NBC Universal Digital Owned Te,NurPhoto,"One is arrested, briefly detained and subsequently released when a group of protestors block the entrance to the lobby of the Center City office of Sen. Bob Casey, in Philadelphia, PA, on October 10, 2018. The group gathers in support of undocumented immigrant Carmela Apolonio Hernandez and daughter Keyri Artillero Apolonio, 14, after they left their sanctuary church to occupy the Senators office. (Photo by Bastiaan Slabbers/NurPhoto)",0.0,EUR,50.0,0.0,NurPhoto,https://www.nurphoto.com/photo/3280872,False
<a href='https://www.nurphoto.com/photo/3280770' target='_blank'><img src='https://www.nurphoto.com/photo/3280770/picture/photo' width='100'/></a>,3280770,slabbers-undocume170106_npoMa,2017 01 06_02__BS14098 - B Slabbers -  - Philadelphia Sen Casey Office -   =E2=80=94 .JPG,ViacomCBS ED,NurPhoto,"To demand the stop of their deportation, undocumented Carmela Apolonio Hernandez and daughter Keyri Artillero Apolonio, 14, leave sanctuary to occupy first the office and later the lobby at the office of Senator Bob Casey, in Philadelphia, PA, on October 10, 2018.  (Photo by Bastiaan Slabbers/NurPhoto)",0.0,EUR,50.0,0.0,NurPhoto,https://www.nurphoto.com/photo/3280770,False
<a href='https://www.nurphoto.com/photo/4922644' target='_blank'><img src='https://www.nurphoto.com/photo/4922644/picture/photo' width='100'/></a>,4922644,slabbers-unsbabyt190921_npr3W,US-PROTEST-TRUMP_04.JPG,Verlag Der Tagesspiegel GmbH,NurPhoto,"A small Baby Trump balloon floats infant of a larger version, against a clear blue sky, in Philadelphia, PA, on September 21, 2019 as hundreds of Puertorrique=C3=B1os from the region commemorate the second anniversary of the devastation of Hurricane Marina in Puerto Rico. (Photo by Bastiaan Slabbers/NurPhoto)",0.0,EUR,50.0,0.0,NurPhoto,https://www.nurphoto.com/photo/4922644,False
<a href='https://www.nurphoto.com/photo/1662331' target='_blank'><img src='https://www.nurphoto.com/photo/1662331/picture/photo' width='100'/></a>,1662331,slabbers-womensma170121_npwVN,_BS21452.JPG,"Promotora de Informaciones, S.",NurPhoto,"An estimated half-million have gathered in Washington DC, on Jan. 21, 2017, to participate in the Women=E2=80=99s March on Washington, a day after the inauguration of Donald Trump as President of the United States. (Photo by Bastiaan Slabbers/NurPhoto)",0.0,EUR,50.0,0.0,NurPhoto,https://www.nurphoto.com/photo/1662331,False
<a href='https://www.nurphoto.com/photo/1662635' target='_blank'><img src='https://www.nurphoto.com/photo/1662635/picture/photo' width='100'/></a>,1662635,slabbers-womensma170122_npagw,_BS21702.jpg,The Blueprint Media,NurPhoto,"An estimated 500.000 protested in Washington DC, on Jan. 21, 2017, during the Women=E2=80=99s March on Washington, a day after the inauguration of Donald Trump as President of the United States. (Photo by Bastiaan Slabbers/NurPhoto)",0.0,EUR,50.0,0.0,NurPhoto,https://www.nurphoto.com/photo/1662635,False
